x,
1,62.13820728
2,55.82307397
3,61.83288662
4,55.34125369
5,59.01272108
6,54.96462017
7,59.95893281
8,61.87452947
9,59.24726899
10,55.83654262
11,58.56765277
12,57.58320903
13,55.35752761
14,58.66534315
15,54.83383004
16,55.6109127
17,54.02406152
18,57.87637196
19,55.15353458
20,57.79861205
21,57.60187792
22,65.23329139
23,56.9800426
24,56.84371324
25,55.11709749
26,59.40840966
27,61.28840966
28,58.2949414
29,58.4681902
30,57.32800489
31,59.51272108
32,53.59351085
33,59.40044737
34,57.52092211
35,56.93702123
36,54.23310608
37,58.61941837
38,55.08871231
39,56.92234127
40,55.4023682
41,61.26957482
42,64.31064975
43,63.38451956
44,62.47718149
45,60.39351085
46,64.68962075
47,62.68554856
48,49.21038832
49,62.3749414
50,60.27167553
51,51.78369723
52,51.26642248
53,52.93894276
54,54.25519485
55,53.49765096
56,54.35943033
57,59.49795728
58,55.67455084
59,56.69145607
60,55.2761525
61,48.21084075
62,51.75295634
63,51.37209162
64,53.78186885
65,55.46338768
66,52.46641992
67,52.55060532
68,53.48711766
69,53.47677281
70,56.24105481
71,56.35768399
72,52.80268403
73,51.73456851
74,56.29144212
75,54.17787536
76,51.25781036
77,57.246713
78,55.9879435
79,54.44709851
80,54.35686426
81,53.79856443
82,50.60149969
83,54.69014677
84,51.46578788
85,49.18122315
86,53.31195852
87,55.8506056
88,47.93899969
89,52.44282905
90,55.24308203
91,56.73950565
92,58.27195917
93,57.11399969
94,56.97903382
95,55.51157039
96,56.8309862
97,58.50824849
98,57.71295957
99,55.30446396
100,54.21774483
101,57.65542138
102,58.59031163
103,55.08078854
104,55.58030389
105,52.83008699
106,57.44252959
107,55.1505993
108,57.51303026
109,58.31041601
110,52.48859802
111,52.71695337
112,53.93803584
113,57.70744147
114,57.0758974
115,58.52828936
116,61.92609211
117,58.03758609
118,57.68021617
119,59.77716128
120,51.92625011
121,53.90823794
122,58.76989079
123,56.11292339
124,58.20605291
125,53.67514141
126,55.61611347
127,48.75387338
128,51.18123978
129,51.8612055
130,49.76213803
131,47.70818436
132,54.30124785
133,54.69247602
134,58.98176074
135,49.74634904
136,57.80192727
137,63.34506701
138,54.32529537
139,59.12117891
140,57.17841286
141,57.98423089
142,55.62292841
143,59.60246135
144,62.12209638
145,60.91855879
146,58.07762583
147,53.24016935
148,61.63043501
149,57.10604822
150,53.72820628
151,57.13695098
152,56.78361504
153,60.03626801
154,55.15887116
155,61.1414447
156,62.50173905
157,62.52230955
158,56.31412059
159,53.57952253
160,56.13826665
161,54.1752962
162,53.22870192
163,55.67254322
164,54.97413405
165,54.6389147
166,57.15709117
167,53.47295922
168,50.29610978
169,58.18272154
170,59.54073292
171,61.6277036
172,59.26825105
173,57.19334417
174,56.77803423
175,52.71612804
176,53.71056722
177,55.07788242
178,59.23336895
179,54.28596029
180,60.02090867
181,56.7539756
182,53.34878271
183,57.08197851
184,55.53485582
185,53.61984916
186,52.82167635
187,56.20955132
188,60.49326026
189,61.09328617
190,53.05556622
191,49.1828294
192,59.71508118
193,65.01332284
194,63.20759059
195,59.71386376
196,58.04608348
197,50.15011378
198,53.28070428
199,54.26082419
200,55.35522174
201,58.99079549
202,61.40286609
203,61.51315542
204,56.10137407
205,54.5504542
206,55.05844701
207,48.95437653
208,58.86517568
209,56.02926084
210,58.33143284
211,60.74277424
212,58.83475326
213,59.1152251
214,55.26227701
215,60.29699495
216,58.18846982
217,56.71202734
218,57.5932615
219,60.34117724
220,58.45454447
221,59.40546098
222,56.265044
223,59.20162592
224,57.30167833
225,58.51129092
226,58.15033414
227,57.02966201
228,66.12443692
229,65.34265443
230,58.87515749
231,59.57281868
232,57.62917552
233,58.54919244
234,60.43081941
235,63.33186983
236,62.40452774
237,58.88354585
238,59.79159331
239,59.06433497
240,56.96748397
241,52.72873004
242,52.70584788
243,62.99554795
244,53.11616257
245,52.78981185
246,64.99226561
247,58.68831029
248,50.83664172
249,65.08859497
250,65.82022791
251,59.4651438
252,55.87105453
253,57.16085215
254,64.99186084
255,64.85820938
256,73.27329139
257,61.61398981
258,58.9994216
259,58.10595334
260,61.56349378
261,50.71723815
262,55.58700977
263,54.24655143
264,58.95083734
265,58.71313675
266,61.45542006
267,58.64897356
268,58.66831296
269,59.75427299
270,59.720596
271,57.69543138
272,56.31252636
273,59.49429432
274,59.69496336
275,58.14400083
276,58.34676592
277,51.8077809
278,50.01386595
279,43.29855841
280,53.16140249
281,53.65763886
282,53.26472341
283,50.39111653
284,50.05452498
285,53.0772744
286,48.5287299
287,49.89360376
288,43.10175719
289,50.42427744
290,51.43419611
291,52.36288107
292,48.00471639
293,51.35358433
294,50.10302215
295,49.01162887
296,51.59213591
297,47.91309824
298,53.37396005
299,48.88884462
300,46.05691504
301,46.4386561
302,53.70965193
303,49.48140908
304,46.1098704
305,44.85772458
306,46.74130096
307,48.61998406
308,46.82910715
309,47.95146862
310,56.11179268
311,51.12914167
312,49.35658214
313,49.21134294
314,53.93945226
315,50.77947897
316,54.25534166
317,51.70443046
318,51.24977439
319,47.53617429
320,53.25144198
321,52.93542155
322,56.51082463
323,48.45699468
324,47.12142495
325,46.22973419
326,51.20508992
327,52.58727498
328,53.02642802
329,48.9507546
330,54.75374482
331,51.64462224
332,56.16491525
333,52.25992235
334,54.21145756
335,52.86311616
336,54.41964791
337,53.84719543
338,56.39599065
339,55.49163987
340,55.14122544
341,57.98173313
342,54.34674568
343,53.45694191
344,54.27709089
345,54.15308829
346,53.95082417
347,56.15094431
348,57.00931
349,54.36538016
350,54.83392442
351,51.57377477
352,51.92748599
353,58.60646423
354,55.1393812
355,44.37295572
356,54.81227328
357,56.09098014
358,53.74873507
359,58.11498198
360,49.29460459
361,49.91297039
362,38.88106022
363,60.39675013
364,54.33299623
365,52.32122706
366,56.13424129
367,49.23170417
368,48.53458745
369,55.29402529
370,55.51587548
371,49.86379833
372,51.10314188
373,53.32623323
374,53.36772596
375,55.64506675
376,53.35837409
377,54.3307715
378,57.75710536
379,57.10807948
380,59.31414037
381,61.90129432
382,61.8577948
383,56.94255583
384,60.2315626
385,61.7831636
386,57.29663724
387,61.64132346
388,60.24670599
389,57.28712778
390,60.69907606
391,62.05019902
392,55.3576797
393,57.88404033
394,56.8349562
395,60.56165037
396,59.29381978
397,60.25928524
398,56.62795202
399,59.76400456
400,59.95269142
401,58.71304705
402,59.44943951
403,58.28917298
404,50.90005201
405,53.45614616
406,56.45669825
407,59.18666328
408,60.38053582
409,58.73183189
410,57.22467013
411,53.41066975
412,57.97796183
413,57.38552946
414,54.69735286
415,53.37321579
416,49.03742091
417,53.58406928
418,49.74833602
419,47.65016682
420,55.95677674
421,53.3622827
422,58.03391564
423,50.46187794
424,45.46650935
425,50.63494142
426,51.73206754
427,54.95988655
428,52.47270134
429,48.15971617
430,54.30060564
431,55.71370325
432,50.72728
433,49.59819766
434,52.68313416
435,49.6226309
436,57.69466339
437,55.51771765
438,55.63461297
439,55.65053392
440,55.66099275
441,48.30882127
442,53.55576334
443,51.34244591
444,48.94679009
445,51.90967609
446,57.84844032
447,52.93951065
448,53.19269889
449,54.58657538
450,56.42784359
451,51.82097011
452,52.22794892
453,51.57362119
454,55.52125073
455,58.79621285
456,53.08540508
457,56.19653012
458,52.18576402
459,54.06841504
460,54.65104904
461,52.01341235
462,55.19639847
463,50.01762799
464,55.76615092
465,55.33746596
466,54.60968048
467,56.32313675
468,54.64293436
469,57.20975885
470,57.31196397
471,57.41935798
472,51.02255468
473,54.39936971
474,55.37248443
475,54.65372891
476,55.13445918
477,56.14895322
478,54.8260485
479,55.16263518
480,53.75961241
481,50.78459256
482,42.43256228
483,53.01563684
484,51.12320493
485,49.39206347
486,52.63444973
487,48.07929907
488,45.2221268
489,50.07409036
490,48.5937125
491,51.48747763
492,51.18320964
493,54.12529002
494,50.63474234
495,51.68748337
496,53.56359193
497,58.91393992
498,53.81290067
499,55.77815221
500,58.4930928
501,59.86675214
502,58.58401445
503,59.10994442
504,58.84645269
505,52.03206906
506,57.36489364
507,61.56899974
508,57.09648276
509,65.05186084
510,63.83186084
511,64.71696203
512,53.65447093
513,56.39769943
514,64.31655727
515,61.45115353
516,59.5880464
517,56.40186325
518,61.85879735
519,61.57534621
520,61.07208033
521,53.96187795
522,55.83167557
523,61.69655727
524,59.69064978
525,46.17271648
526,50.66961376
527,51.12076084
528,47.05677526
529,46.83849025
530,51.32054971
531,57.1293156
532,52.15446993
533,55.67047803
534,56.2604442
535,54.97300034
536,54.93599785
537,48.62979313
538,53.02962821
539,57.09508561
540,48.24091737
541,49.80899136
542,56.00299731
543,56.73552088
544,52.66854603
545,55.13462678
546,56.67327386
547,60.47965035
548,50.13464282
549,45.72137233
550,47.18102177
551,51.5526358
552,48.6247762
553,49.33407294
554,49.64293389
555,48.2876465
556,51.37834976
557,50.06289442
558,47.02428394
559,51.48952042
560,51.1712895
561,52.28412734
562,51.62381208
563,54.59721052
564,55.06905452
565,52.72053779
566,51.78205706
567,48.23949451
568,47.71463761
569,52.09876354
570,56.26933136
571,52.90414626
572,55.9470024
573,48.44564428
574,48.85300525
575,51.37881023
576,50.84870607
577,48.91816823
578,47.74601685
579,51.17205649
580,53.96716419
581,57.75232561
582,53.27827603
583,48.02011062
584,50.94834584
585,55.00832489
586,52.85741771
587,52.21478764
588,50.40686513
589,48.24155116
590,49.16898375
591,49.0857347
592,50.51333438
593,49.16509485
594,50.22798267
595,46.40848768
596,48.53430414
597,46.01665236
598,51.2749217
599,53.07010027
600,48.08328982
601,46.11809251
602,50.03280995
603,45.78943595
604,49.92270182
605,47.37546244
606,44.44802197
607,53.86903986
608,48.55617008
609,45.79699273
610,53.25961606
611,52.31879267
612,55.21486501
613,51.87813088
614,57.52886118
615,55.83228548
616,56.0952981
617,56.72341274
618,54.97889514
619,54.58052016
620,53.44531679
621,51.4614187
622,55.38361859
623,52.32457266
624,51.43511389
625,53.68316169
626,50.90789829
627,53.73928622
628,55.37500109
629,55.74107114
630,54.34441923
631,58.07395653
632,47.35721598
633,50.05229469
634,54.20654568
635,50.23358107
636,52.63511051
637,51.34968211
638,54.14610573
639,51.49066261
640,58.62323332
641,61.27029805
642,55.20295677
643,57.94210981
644,58.64350986
645,58.6984863
646,62.13075688
647,57.54630997
648,50.72762838
649,53.54326002
650,57.76286218
651,56.41469519
652,50.63833441
653,48.30805995
654,52.45805995
655,55.18084435
656,57.9637093
657,54.72353449
658,58.27582208
659,56.36369135
660,58.7724182
661,57.26312147
662,58.42412014
663,57.43077467
664,57.33914174
665,59.77480246
666,58.38047045
667,61.46662333
668,56.72592396
669,59.76587889
670,60.16562591
671,55.62863187
672,59.93494634
673,47.81370257
674,58.60044363
675,58.67888486
676,54.68374346
677,58.75672858
678,58.5222759
679,55.92374406
680,57.63318621
681,56.1861313
682,60.77964158
683,59.02402562
684,59.31069323
685,59.75155767
686,61.15016927
687,59.23755635
688,59.96868326
689,59.08959974
690,59.04456319
691,59.94572105
692,62.95329997
693,60.9976617
694,56.19973526
695,54.84449087
696,53.6180575
697,56.45038201
698,67.37946435
699,60.40854669
700,68.77062506
701,64.5497074
702,69.15548782
703,62.43949577
704,65.88218591
705,63.53920157
706,47.34539596
707,42.51734498
708,46.98219418
709,56.65515901
710,57.28583783
711,50.70479191
712,49.48160716
713,46.80738911
714,53.3049925
715,53.75314052
716,58.57505166
717,53.58330416
718,55.64208968
719,54.25589185
720,51.09208435
721,53.42347192
722,55.02454523
723,53.15694357
724,57.25317828
725,56.50787039
726,51.32672686
727,55.38992029
728,52.18307294
729,50.41207479
730,52.33593405
731,54.42974267
732,53.36436444
733,55.02732291
734,59.99060401
735,54.73377424
736,60.91505346
737,62.88126996
738,56.16557327
739,56.00622711
740,55.83222146
741,55.43132231
742,56.99859938
743,57.03248249
744,55.33972501
745,56.11350857
746,56.61938131
747,56.44722003
748,53.62506866
749,55.19007718
750,54.21586628
751,49.93028088
752,54.3298183
753,57.70163512
754,54.12686516
755,58.92579906
756,58.37605465
757,58.91419315
758,61.3365521
759,56.51919019
760,53.63730912
761,57.25500482
762,54.47489281
763,54.54110993
764,59.81952547
765,57.48358636
766,58.04775569
767,58.38925929
768,51.89544525
769,54.06906937
770,55.21428309
771,47.07618062
772,49.11253355
773,51.10265176
774,59.06792953
775,60.57625171
776,56.83219157
777,54.82221792
778,51.29046881
779,55.94021583
780,57.54085642
781,56.94289916
782,55.78801244
783,58.33419811
784,62.37373928
785,53.49909803
786,57.5314272
787,59.32539029
788,54.8398725
789,58.73190377
790,49.49072127
791,52.15160751
792,50.06588992
793,52.13188198
794,55.83805963
795,56.57027771
796,58.68642474
797,61.63688383
798,61.61253654
799,56.16058359
800,54.51330515
801,53.11296784
802,56.1611011
803,58.69069956
804,59.78540202
805,63.66789052
806,58.5869915
807,52.9150325
808,58.23701175
809,52.77100715
810,55.78880577
811,57.9058559
812,58.09860338
813,61.65448972
814,51.92160005
815,57.05637815
816,57.78886714
817,50.50335158
818,53.14245764
819,52.54608639
820,58.03218556
821,54.60357646
822,52.37383713
823,58.53503778
824,59.98089653
825,54.75747792
826,57.67017853
827,56.44977068
828,57.05994849
829,59.1370402
830,61.61599558
831,56.38795818
832,54.40503143
833,57.34891093
834,52.54878994
835,54.81272938
836,57.02255508
837,60.36108216
838,61.84940996
839,58.76755409
840,61.34482582
841,59.37288308
842,58.56545836
843,58.36980509
844,59.94873999
845,56.17929442
846,61.30567807
847,56.26574908
848,54.01689901
849,56.51754926
850,61.92721071
851,59.26162666
852,58.21432559
853,62.99244355
854,56.34006122
855,58.77592963
856,62.15493905
857,59.40440232
858,61.3240947
859,63.33441106
860,58.39369772
861,59.0800909
862,63.06457338
863,57.36150383
864,53.61953321
865,49.79143686
866,62.37171815
867,62.75303259
868,61.86123442
869,56.95879267
870,58.21643016
871,59.71275872
872,54.81166841
873,57.25814759
874,59.39752835
875,60.04642594
876,67.47595164
877,61.55062796
878,61.11375822
879,63.50531007
880,62.09283763
881,63.48067335
882,58.55664096
883,59.91162664
884,61.59551725
885,55.87797343
886,58.59670474
887,58.45057679
888,59.93771536
889,58.43102676
890,56.44326187
891,56.58881885
892,60.91594254
893,57.80823559
894,58.32364522
895,62.65600475
896,58.08475006
897,60.25223781
898,54.45595433
899,51.28383952
900,57.97002626
901,57.49988519
902,52.30159066
903,61.09564229
904,58.42273775
905,59.89615429
906,56.90357439
907,64.51376722
908,60.39438477
909,63.65534956
910,71.35043029
911,71.46675965
912,66.59798782
913,53.72298948
914,63.98686463
915,62.3135136
916,55.74400435
917,58.45770198
918,58.41429685
919,57.51777223
920,54.579496
921,55.79233824
922,61.6618779
923,66.93718148
924,63.24228267
925,63.98697909
926,64.72371322
927,67.91288663
928,65.90004258
929,52.45252326
930,50.46071326
931,51.96739882
932,50.87494058
933,58.0418779
934,52.06696776
935,52.87164049
936,61.03718148
937,58.05453662
938,69.45982314
939,67.84125369
940,65.95288663
941,66.92451956
942,66.23472195
943,55.00838966
944,51.98792194
945,54.62164248
946,57.08236915
947,59.2726427
948,50.71662557
949,51.25267038
950,53.02914855
951,58.77960625
952,56.6679029
953,57.34020407
954,54.18894787
955,53.79243299
956,56.63351084
957,64.92881441
958,57.41410406
959,56.43793091
960,55.44069468
961,55.83291685
962,52.62273351
963,48.58254172
964,48.20723815
965,46.77744053
966,46.5107064
967,46.13487938
968,52.11584944
969,54.69198808
970,52.68134387
971,48.56182645
972,53.68225717
973,52.994752
974,50.94868079
975,53.76031373
976,55.24387474
977,50.97817606
978,53.27919369
979,53.95756075
980,50.15275579
981,47.26277923
982,50.90758353
983,52.35553857
984,50.45583593
985,51.9963603
986,49.34336959
987,50.26165991
988,54.29755312
989,51.41924438
990,52.61643307
991,49.51973534
992,55.74636394
993,48.8934718
994,57.80904881
995,57.30340858
996,55.2303061
997,55.27477957
998,57.05971626
999,56.13245193
1000,50.91799688
1001,53.50054747
1002,53.45452862
1003,50.86440466
1004,46.288891
1005,55.79381335
1006,52.67544628
1007,55.65149822
1008,50.28016414
1009,48.93934844
1010,52.87927957
1011,55.69886328
1012,52.26509628
1013,53.2794822
1014,52.49776286
1015,56.38578456
1016,52.54301355
1017,53.62801861
1018,46.0988672
1019,46.72551292
1020,53.04694039
1021,51.77279136
1022,47.96533689
1023,54.04473433
1024,52.21136119
1025,52.91126148
1026,51.39676744
1027,49.451681
1028,53.98469722
1029,54.1574005
1030,48.5826172
1031,48.28176794
1032,49.32855791
1033,53.69138812
1034,47.66077305
1035,51.08266935
1036,57.90178528
1037,60.59754328
1038,50.80567383
1039,51.75420689
1040,55.9323459
1041,49.62282429
1042,52.71149871
1043,51.03756415
1044,53.02344099
1045,50.98416798
1046,57.36761577
1047,52.39363414
1048,48.53751063
1049,56.86821751
1050,58.44270955
1051,54.24991043
1052,57.39148958
1053,52.55076525
1054,54.89923582
1055,53.76179064
1056,55.31954055
1057,54.85071583
1058,47.94686089
1059,49.54686089
1060,54.20613715
1061,54.20762914
1062,59.57363739
1063,59.59286875
1064,53.42038212
1065,53.5600922
1066,60.93445109
1067,53.32552537
1068,56.65953974
1069,55.75087423
1070,47.24827234
1071,47.38246049
1072,53.34801985
1073,55.24555103
1074,54.50729183
1075,59.38097223
1076,62.50422167
1077,61.01120165
1078,57.36997036
1079,55.52226091
1080,56.69124566
1081,61.17492259
1082,59.82484824
1083,61.02606272
1084,60.64878491
1085,54.54630997
1086,55.08929237
1087,52.35702178
1088,57.0951629
1089,57.53374899
1090,53.06677851
1091,51.71448436
1092,58.24390507
1093,58.57351585
1094,56.22856159
1095,54.67148754
1096,54.69326002
1097,55.64521974
1098,58.33818539
1099,59.09736969
1100,57.87227135
1101,58.15923343
1102,55.64751102
1103,58.78720121
1104,56.15987088
1105,59.02602921
1106,55.70798198
1107,57.96007326
1108,53.01204953
1109,49.74858913
1110,53.38328556
1111,54.43022207
1112,57.32161427
1113,51.64954953
1114,54.75354152
1115,56.14649688
1116,52.3595024
1117,58.40847692
1118,51.10452597
1119,53.29950679
1120,59.38426516
1121,56.00044363
1122,60.89311823
1123,56.8583322
1124,51.38042006
1125,57.04669927
1126,58.47559721
1127,57.85547664
1128,54.16196313
1129,59.29062591
1130,59.48305413
1131,57.9431597
1132,56.47799076
1133,59.42628079
1134,56.85459945
1135,60.66468553
1136,56.13214695
1137,57.97220961
1138,60.73177753
1139,60.59642289
1140,56.82309942
1141,61.78768207
1142,55.45153517
1143,60.63691935
1144,61.44192661
1145,55.83255459
1146,58.07286196
1147,66.27186084
1148,60.49946136
1149,63.44460346
1150,65.66446025
1151,64.64696942
1152,63.30765088
1153,64.05686489
1154,62.4902503
1155,58.29165702
1156,55.08265422
1157,56.97203177
1158,62.54616027
1159,55.26374587
1160,60.04264529
1161,60.60675965
1162,56.64568773
1163,60.59083506
1164,62.48457016
1165,68.86756619
1166,60.30846173
1167,71.61551925
1168,66.97487605
1169,63.98650328
1170,65.61126825
1171,64.02177281
1172,66.28297028
1173,65.1000447
1174,62.51857811
1175,60.2745057
1176,55.04989357
1177,53.93749476
1178,52.98324377
1179,52.56963597
1180,52.75215225
1181,59.55188615
1182,49.81616857
1183,54.46463913
1184,57.33249793
1185,61.62433325
1186,47.92361377
1187,50.99933428
1188,50.474304
1189,36.96471155
1190,42.50380598
1191,49.43708535
1192,49.68356965
1193,48.1758603
1194,47.09439371
1195,47.47381336
1196,48.85938515
1197,44.78317017
1198,52.73942704
1199,43.14226561
1200,48.99033423
1201,43.30173511
1202,39.51747799
1203,43.15633466
1204,44.7987519
1205,44.76549959
1206,40.11546711
1207,41.69038493
1208,44.21429083
1209,50.96137768
1210,43.40538137
1211,49.12105844
1212,55.54503839
1213,48.09832473
1214,44.50138359
1215,42.17251092
1216,47.69263346
1217,44.30052877
1218,41.67618244
1219,48.42468551
1220,43.50703904
1221,52.80517367
1222,41.63930133
1223,40.81349185
1224,46.75689159
1225,47.85978112
1226,45.71826035
1227,47.34686017
1228,46.79260918
1229,42.94920943
1230,46.36166745
1231,43.17792458
1232,46.23785573
1233,46.49034177
1234,52.30625948
1235,46.88851012
1236,43.48912747
1237,46.4550382
1238,50.64168465
1239,52.98176544
1240,49.12850645
1241,48.75463343
1242,49.89830407
1243,48.41786924
1244,50.46816235
1245,54.31171276
1246,45.56877649
1247,46.20139183
1248,50.32099405
1249,54.1917184
1250,45.76017538
1251,44.26125568
1252,47.03676934
1253,50.75863987
1254,60.33263897
1255,49.79545719
1256,42.41728447
1257,51.76873311
1258,41.35774707
1259,48.13387035
1260,47.06631387
1261,37.67419218
1262,52.21129817
1263,47.99284165
1264,46.97417953
1265,46.21229402
1266,39.73119681
1267,44.94052924
1268,48.27794106
1269,50.30203806
1270,50.80440795
1271,47.32334643
1272,43.16197293
1273,52.56434301
1274,42.75928889
1275,49.51830529
1276,46.89023797
1277,50.93331779
1278,43.8546553
1279,53.26596543
1280,56.33711671
1281,44.45687174
1282,47.4565292
1283,47.55703101
1284,44.23164217
1285,41.49360502
1286,42.49609086
1287,45.25139444
1288,37.08084273
1289,46.89501271
1290,44.78186236
1291,45.08740577
1292,48.49053955
1293,52.06050999
1294,42.15862051
1295,49.06703379
1296,41.7769004
1297,36.90465446
1298,43.0638573
1299,43.75174989
1300,46.78965238
1301,44.72186752
1302,44.83295311
1303,49.20054611
1304,49.91622921
1305,41.256686
1306,45.22180309
1307,46.41169396
1308,41.46252697
1309,51.67242409
1310,44.06151505
1311,48.72426803
1312,45.85335037
1313,49.09869958
1314,51.73497362
1315,49.63071719
1316,50.93659143
1317,51.50613209
1318,40.88178218
1319,40.56178218
1320,45.68974101
1321,37.90182931
1322,47.01769294
1323,43.35157633
1324,54.64121904
1325,53.50826932
1326,50.6188523
1327,51.82250278
1328,53.12110197
1329,50.53582844
1330,42.11631652
1331,37.75865418
1332,48.20112277
1333,50.15941139
1334,40.50699941
1335,44.19372315
1336,48.56864426
1337,44.97509836
1338,48.74002894
1339,43.95317005
1340,47.50457985
1341,43.87179356
1342,42.46724318
1343,45.8355147
1344,42.07562292
1345,54.19448611
1346,46.24253408
1347,51.8760199
1348,51.61381952
1349,47.01384579
1350,51.22132014
1351,47.7746088
1352,46.97244003
1353,45.47218705
1354,48.22806933
1355,45.05968705
1356,47.53577026
1357,57.10175155
1358,57.58566542
1359,52.69869542
1360,49.72523383
1361,53.39925576
1362,38.71996338
1363,42.74685042
1364,49.47714029
1365,48.92865597
1366,44.31038132
1367,46.63597958
1368,46.27136344
1369,49.7422378
1370,52.62649821
1371,55.20508452
1372,54.15664103
1373,50.14827786
1374,51.87397233
1375,48.67446505
1376,46.53716675
1377,41.70450803
1378,48.92755869
1379,50.77416337
1380,51.23777032
1381,50.06245445
1382,53.8674885
1383,52.38453124
1384,52.63759011
1385,53.03059048
1386,53.67811598
1387,48.10783316
1388,55.2800283
1389,50.92889624
1390,49.54541748
1391,51.30513299
1392,50.60958645
1393,49.63714145
1394,52.21628144
1395,48.5210261
1396,54.83334205
1397,57.4548246
1398,55.51088695
1399,53.19483987
1400,49.57465603
1401,48.63020045
1402,54.13598313
1403,50.21256689
1404,51.90640202
1405,50.62175313
1406,49.60384192
1407,46.38298244
1408,47.91654064
1409,51.78050023
1410,49.61256689
1411,48.71097078
1412,50.1823272
1413,47.00507791
1414,54.32322825
1415,52.51282432
1416,49.43198989
1417,54.77755869
1418,47.10229434
1419,48.90870666
1420,57.12492506
1421,55.11145727
1422,59.33960379
1423,53.62665396
1424,52.65476093
1425,55.82415789
1426,53.64155075
1427,52.84572457
1428,53.43339024
1429,55.52085788
1430,57.23250585
1431,55.72540404
1432,56.20349878
1433,54.85156356
1434,54.47784342
1435,54.15056144
1436,51.71945607
1437,49.23048732
1438,53.08593044
1439,54.5056459
1440,50.13340118
1441,56.3952983
1442,50.728356
1443,53.85792913
1444,44.714433
1445,45.79938587
1446,46.79534817
1447,45.07209172
1448,45.08573637
1449,49.61493896
1450,42.15906843
1451,48.38543451
1452,45.17726396
1453,45.35775397
1454,51.45959283
1455,50.3106795
1456,47.72990642
1457,44.59989183
1458,46.46482342
1459,52.04044492
1460,46.16794879
1461,52.61890949
1462,49.81003721
1463,50.05591108
1464,45.28877219
1465,49.86852697
1466,47.10009461
1467,49.74682874
1468,48.66186018
1469,46.20039779
1470,53.36723311
1471,49.67723351
1472,50.11214014
1473,51.13458865
1474,49.38948746
1475,52.21101227
1476,52.01888807
1477,50.14103911
1478,50.44505344
1479,49.74977831
1480,54.76702174
1481,54.47018243
1482,49.98287443
1483,47.41194633
1484,52.7325561
1485,51.42556457
1486,48.74388132
1487,50.29648223
1488,47.32386758
1489,51.28100648
1490,46.34339155
1491,54.43344895
1492,46.52046996
1493,51.59493267
1494,49.09687933
1495,43.91920196
1496,49.64549603
1497,48.21989819
1498,51.32516398
1499,56.19375335
1500,50.79245336
1501,52.12625077
1502,48.74788878
1503,50.59862169
1504,58.85510288
1505,51.42614071
1506,49.17885441
1507,48.95843163
1508,48.55968604
1509,53.09436252
1510,52.20451182
1511,54.07306846
1512,62.99263923
1513,49.92723288
1514,50.03039267
1515,51.81907385
1516,52.72771719
1517,59.85760839
1518,55.06877411
1519,49.0458755
1520,50.45174447
1521,54.22070965
1522,52.5608287
1523,51.06811892
1524,47.48639939
1525,46.86893241
1526,55.13933316
1527,53.75795667
1528,55.72765271
1529,54.79264249
1530,61.0788924
1531,58.69973283
1532,52.41688811
1533,57.51025082
1534,58.19273453
1535,52.24655967
1536,52.38278124
1537,51.99391967
1538,50.17985355
1539,55.67486679
1540,50.66724101
1541,48.83132335
1542,46.48586452
1543,49.93136297
1544,51.07061154
1545,51.70561154
1546,57.34689377
1547,56.16577026
1548,56.17377622
1549,57.24898207
1550,50.10173505
1551,54.32285856
1552,52.45200883
1553,53.52513461
1554,53.28902494
1555,51.76236585
1556,55.82007719
1557,51.88488236
1558,56.9453798
1559,48.67206205
1560,54.60018989
1561,52.49932253
1562,52.4707511
1563,47.69053922
1564,51.31158797
1565,52.68531143
1566,59.65689377
1567,57.75806441
1568,54.20990711
1569,51.71794426
1570,52.58663332
1571,49.59508712
1572,52.87401143
1573,51.42827022
1574,53.59216977
1575,49.91287554
1576,56.63163805
1577,51.09218698
1578,52.98674386
1579,54.67347337
1580,59.06839965
1581,58.56409366
1582,49.14296268
1583,49.56313417
1584,48.05091903
1585,50.69817952
1586,51.6548887
1587,51.37176937
1588,48.13285856
1589,47.95085527
1590,45.0711175
1591,52.42920974
1592,54.24706028
1593,55.31127985
1594,55.34767205
1595,54.58192305
1596,51.74351576
1597,47.27093046
1598,49.18262654
1599,47.43245847
1600,49.31315681
1601,48.05343915
1602,48.13768657
1603,46.84133485
1604,45.13766908
1605,46.77767148
1606,45.93560988
1607,44.05588498
1608,41.49619087
1609,53.67865011
1610,45.94743382
1611,42.36438697
1612,42.55536747
1613,38.95077917
1614,48.51952463
1615,44.43292038
1616,44.87561052
1617,45.85669442
1618,46.63530463
1619,42.68615945
1620,46.41857615
1621,45.28983919
1622,45.14351533
1623,43.41999352
1624,49.76448688
1625,44.34240871
1626,48.03571505
1627,48.69795514
1628,46.36060781
1629,48.12080996
1630,45.51124893
1631,46.72629606
1632,45.26796192
1633,45.40826203
1634,44.89579841
1635,44.83969015
1636,43.39900191
1637,46.27050905
1638,43.8544806
1639,47.54313138
1640,42.1526423
1641,51.95311075
1642,51.47479014
1643,49.17918287
1644,49.65631006
1645,55.73922503
1646,50.76794299
1647,52.94090084
1648,43.03421861
1649,41.51984
1650,42.37121709
1651,35.76174561
1652,51.8926933
1653,54.40438968
1654,52.51221706
1655,52.00167582
1656,47.3902043
1657,57.00773781
1658,53.71318093
1659,54.61280226
1660,53.19561363
1661,52.85197409
1662,52.21180725
1663,52.97674411
1664,53.4100625
1665,43.38823695
1666,48.55264721
1667,48.29319617
1668,51.75157137
1669,52.77433703
1670,45.42706199
1671,56.85155529
1672,52.79329862
1673,53.43776591
1674,56.46458226
1675,49.42593044
1676,50.95406703
1677,55.15771783
1678,47.61261941
1679,54.52494411
1680,58.30722386
1681,49.52060204
1682,56.19624359
1683,45.11739213
1684,52.52022767
1685,52.37389216
1686,49.77131454
1687,51.70435555
1688,48.63861329
1689,44.52409378
1690,54.56227086
1691,46.90417739
1692,48.86988278
1693,49.2495088
1694,50.63687752
1695,47.23375859
1696,55.96414481
1697,54.17230949
1698,49.53787075
1699,48.47134717
1700,43.70254753
1701,44.5587777
1702,45.78221033
1703,53.24197293
1704,46.1688105
1705,44.88485219
1706,43.98492122
1707,43.03899201
1708,47.73242453
1709,57.22146771
1710,52.72714625
1711,49.67963923
1712,52.06700408
1713,52.26370472
1714,54.63784413
1715,51.32557114
1716,53.92398835
1717,54.10223397
1718,52.166387
1719,52.99320397
1720,49.25445764
1721,45.16685266
1722,47.49884665
1723,41.96581682
1724,52.19397341
1725,40.91989725
1726,48.77263641
1727,52.14810364
1728,47.51581682
1729,57.52427235
1730,56.0708041
1731,57.05590529
1732,54.95908052
1733,44.25504154
1734,58.48796371
1735,54.93040089
1736,54.09635338
1737,52.66018367
1738,51.9444352
1739,44.77600897
1740,45.49267824
1741,49.32362732
1742,49.78970719
1743,51.23259007
1744,43.82311728
1745,57.98430129
1746,54.8246436
1747,46.21566527
1748,42.8420756
1749,56.2192225
1750,49.30592817
1751,48.09387338
1752,52.73907997
1753,48.39407853
1754,50.5761829
1755,48.82934132
1756,47.6631262
1757,52.59633744
1758,54.75841242
1759,59.06893399
1760,62.3313058
1761,55.9852379
1762,55.3784601
1763,54.91876598
1764,58.8424052
1765,48.58237378
1766,56.64818563
1767,57.93543265
1768,57.3008783
1769,59.03421163
1770,52.28604743
1771,60.23628041
1772,57.83122138
1773,57.56302876
1774,55.41726775
1775,57.04556952
1776,47.55337313
1777,60.63908138
1778,58.99755547
1779,56.28871274
1780,54.54072493
1781,55.13894285
1782,55.1536835
1783,60.32229357
1784,55.99007843
1785,52.52115024
1786,56.97081293
1787,49.76421641
1788,56.84415582
1789,60.05854606
1790,55.64618637
1791,57.65945225
1792,58.40262386
1793,54.96130709
1794,62.36922432
1795,62.70585718
1796,58.99530052
1797,54.86290547
1798,57.94956037
1799,61.1125958
1800,58.76785464
1801,61.5639366
1802,57.87439339
1803,55.32708324
1804,53.75543138
1805,57.09572392
1806,59.81693013
1807,58.41868808
1808,53.616036
1809,58.93987596
1810,55.11451115
1811,54.35124528
1812,57.09203731
1813,55.98429679
1814,54.35452597
1815,50.19005975
1816,59.05987104
1817,57.97226768
1818,61.21254744
1819,56.60949332
1820,56.96926768
1821,60.80626822
1822,62.27028645
1823,58.80386621
1824,61.69139362
1825,59.06226792
1826,58.87801003
1827,58.62745555
1828,56.99699496
1829,57.05448055
1830,59.19673962
1831,55.77374084
1832,50.13779206
1833,54.21464738
1834,55.57989809
1835,52.46962046
1836,58.21306122
1837,54.6458903
1838,50.41951021
1839,60.65787208
1840,62.42206323
1841,59.42389855
1842,65.07879735
1843,61.89288663
1844,62.7454564
1845,68.97553148
1846,64.49512671
1847,67.78899974
1848,61.99579371
1849,54.76882585
1850,55.61630127
1851,56.67573515
1852,64.93882116
1853,57.64938343
1854,61.2141642
1855,60.31102651
1856,61.41862668
1857,59.00177098
1858,59.43855908
1859,55.14458969
1860,52.27178708
1861,54.3613153
1862,51.8233739
1863,53.06698835
1864,54.31602123
1865,56.11664886
1866,53.7679147
1867,56.38067378
1868,63.06136099
1869,47.09864962
1870,49.70581039
1871,46.6318917
1872,52.80879863
1873,50.78351485
1874,47.828083
1875,49.19871838
1876,47.14436197
1877,47.7003495
1878,47.44299622
1879,49.40840908
1880,50.93977217
1881,49.94596933
1882,52.60941705
1883,51.53543904
1884,52.30973392
1885,56.35477772
1886,50.04729171
1887,48.301459
1888,46.8878701
1889,44.77474706
1890,47.5209213
1891,47.19037547
1892,52.50392495
1893,52.89338659
1894,50.36226983
1895,52.16138151
1896,55.53267832
1897,55.26673453
1898,50.37648514
1899,50.94740809
1900,49.01520949
1901,40.73086812
1902,47.81707357
1903,45.56930726
1904,44.46930726
1905,47.02170345
1906,51.55370447
1907,51.85276766
1908,53.78037727
1909,55.36463605
1910,46.79222498
1911,47.36939214
1912,48.87414146
1913,47.42263725
1914,56.18110736
1915,45.94867521
1916,44.8318961
1917,47.20700357
1918,55.70053701
1919,55.08956905
1920,55.72754877
1921,47.87937138
1922,55.1314861
1923,45.18461766
1924,48.56443554
1925,45.14323209
1926,56.07317236
1927,54.68943684
1928,44.29881832
1929,56.92977646
1930,45.0466184
1931,45.45937138
1932,49.20684237
1933,49.97589329
1934,50.45173656
1935,46.64060537
1936,46.96329741
1937,47.39631371
1938,52.93302295
1939,51.62317173
1940,44.3073395
1941,43.93407363
1942,45.89009248
1943,48.08080775
1944,48.70152303
1945,48.23825716
1946,48.83917482
1947,46.51989009
1948,52.60649461
1949,49.93195259
1950,53.57131531
1951,55.02182773
1952,47.82067587
1953,49.83905987
1954,52.90648898
1955,48.72793336
1956,54.12495844
1957,52.38799636
1958,43.27246175
1959,47.07023382
1960,49.65080941
1961,46.49245605
1962,48.17351756
1963,49.26418464
1964,53.96676356
1965,49.53145737
1966,56.12871841
1967,56.89683685
1968,55.61188309
1969,52.06747889
1970,52.42743476
1971,51.31493634
1972,51.98037136
1973,54.07368374
1974,52.47753736
1975,51.15849414
1976,45.84193991
1977,53.85437279
1978,52.14459815
1979,53.79445359
1980,52.69460805
1981,51.46850405
1982,55.50516266
1983,47.22336285
1984,47.44563876
1985,43.07070114
1986,47.46983378
1987,41.43688594
1988,50.14843513
1989,50.16351942
1990,46.60638574
1991,51.01929823
1992,52.25325306
1993,49.81904525
1994,47.49101297
1995,45.87683719
1996,44.43078272
1997,42.55129319
1998,46.64393051
1999,50.64023654
2000,53.05384433
2001,53.50350703
2002,50.80724051
2003,50.83479342
2004,49.37323256
2005,46.80310402
2006,47.83014519
2007,50.57810402
2008,48.88545684
2009,46.61965855
2010,50.04512278
2011,45.03054519
2012,48.67828689
2013,49.81088057
2014,45.90510982
2015,48.33730002
2016,47.93029396
2017,52.24529642
2018,50.88033353
2019,50.63566765
2020,50.74309582
2021,43.50434876
2022,48.22884564
2023,47.04905207
2024,50.40958807
2025,50.57500493
2026,54.8068673
2027,47.1627299
2028,45.88740128
2029,53.19347636
2030,51.11868842
2031,54.26461277
2032,47.34418576
2033,51.54165837
2034,46.35417534
2035,43.34707424
2036,50.02190291
2037,47.32607935
2038,51.81302004
2039,49.06969117
2040,47.25931631
2041,44.9085935
2042,40.42369144
2043,46.30223494
2044,48.00018023
2045,51.78580157
2046,43.62607935
2047,50.26798062
2048,46.97155837
2049,51.37835819
2050,44.70193457
2051,48.27209409
2052,47.78842345
2053,50.32688864
2054,49.32478176
2055,43.8689792
2056,55.53426132
2057,48.69622622
2058,50.46771768
2059,53.42803105
2060,49.16561078
2061,49.43434606
2062,50.93347264
2063,48.39104534
2064,50.46915136
2065,48.14245063
2066,55.68589083
2067,50.08949988
2068,50.76132742
2069,53.63441789
2070,53.56201566
2071,42.67450787
2072,47.56813138
2073,45.63241957
2074,46.12734184
2075,41.87012091
2076,48.88085815
2077,51.89276402
2078,51.52803261
2079,56.38392245
2080,51.64660993
2081,50.60736793
2082,46.1014974
2083,54.60595082
2084,53.9601989
2085,52.32391986
2086,52.57973633
2087,53.51172834
2088,54.67228693
2089,54.50371748
2090,52.86687523
2091,55.95378522
2092,54.86642333
2093,57.36840376
2094,56.22855477
2095,56.2245022
2096,54.28274595
2097,54.99476024
2098,48.45985031
2099,49.00201979
2100,54.33455516
2101,52.96123164
2102,56.60495187
2103,50.57153604
2104,49.50385155
2105,47.75752219
2106,47.73823747
2107,54.31063527
2108,55.47529866
2109,46.77508065
2110,51.75350976
2111,54.518458
2112,52.78523579
2113,54.75482351
2114,50.73470492
2115,54.14916888
2116,44.48265798
2117,45.70401446
2118,48.24388152
2119,42.15993905
2120,44.61922378
2121,46.50217914
2122,48.66381208
2123,43.12279906
2124,45.72653254
2125,53.45275792
2126,44.53553586
2127,49.7239202
2128,42.97432497
2129,46.86504024
2130,47.81870517
2131,48.75227878
2132,56.68167789
2133,52.19615432
2134,56.73098879
2135,57.52233142
2136,55.94107252
2137,53.22854928
2138,54.34534406
2139,55.1697634
2140,56.65231507
2141,56.62319647
2142,55.90208155
2143,56.44371285
2144,54.09731833
2145,57.76250516
2146,53.65773666
2147,51.95808167
2148,55.391415
2149,52.04317857
2150,56.74224727
2151,54.87003849
2152,51.31588442
2153,57.09608702
2154,57.32879063
2155,57.60442273
2156,56.58808431
2157,57.74152743
2158,57.69208961
2159,56.89622837
2160,57.17436603
2161,55.74414439
2162,58.26588442
2163,56.63797684
2164,56.84821505
2165,54.32902553
2166,56.92383598
2167,55.33855784
2168,53.98489606
2169,55.25388304
2170,55.61792559
2171,55.70762422
2172,57.97862602
2173,48.25998642
2174,54.0564439
2175,55.54511372
2176,56.2235286
2177,51.39369373
2178,57.55845127
2179,59.40861012
2180,58.56842321
2181,56.80360704
2182,55.0747018
2183,57.32313634
2184,60.96739905
2185,51.89217649
2186,57.09730896
2187,57.24074594
2188,57.34219072
2189,57.7233093
2190,50.53154519
2191,58.19125883
2192,57.9578444
2193,51.68358636
2194,54.76432174
2195,49.57660543
2196,52.38294525
2197,48.33158187
2198,48.06678772
2199,53.02559443
2200,51.20772894
2201,52.77571134
2202,52.22886296
2203,52.4648817
2204,57.69966109
2205,56.03821039
2206,51.51202764
2207,55.52817591
2208,52.44021589
2209,54.80116145
2210,54.36626926
2211,52.87127348
2212,60.33194025
2213,56.66401181
2214,60.72356131
2215,58.14110736
2216,52.89676415
2217,51.39408187
2218,52.95544476
2219,53.40990526
2220,52.61079936
2221,55.04658005
2222,54.99659238
2223,56.67649688
2224,57.11466156
2225,59.24270355
2226,53.69496676
2227,51.69435478
2228,54.13976648
2229,53.6463735
2230,52.17070042
2231,56.56325481
2232,56.76650483
2233,54.02221834
2234,51.32050185
2235,54.69630189
2236,52.86380974
2237,51.97458419
2238,51.56436049
2239,53.82218786
2240,51.12682146
2241,52.73290669
2242,56.25454443
2243,50.50235739
2244,53.33895688
2245,55.04001946
2246,52.01691215
2247,57.28883128
2248,52.75187834
2249,55.5367493
2250,57.17780454
2251,57.44964342
2252,59.40798459
2253,53.8927351
2254,55.97144446
2255,55.63378033
2256,56.32260883
2257,56.65696756
2258,54.64909081
2259,53.39354152
2260,60.47202722
2261,58.83367288
2262,55.136605
2263,54.63489619
2264,54.84667957
2265,59.14489779
2266,55.06448764
2267,54.30001704
2268,55.2659306
2269,55.44282624
2270,54.76700977
2271,54.69987088
2272,50.36346942
2273,56.42914223
2274,55.55864271
2275,55.50099063
2276,59.74384557
2277,55.33684694
2278,52.55336029
2279,57.83613834
2280,54.34148439
2281,57.60518926
2282,61.19067427
2283,61.11236351
2284,59.696792
2285,57.41542237
2286,53.3518758
2287,56.94622982
2288,52.49621383
2289,58.76221418
2290,60.32888084
2291,55.01040666
2292,54.26180094
2293,53.04172755
2294,52.33121466
2295,52.99325236
2296,52.93437241
2297,57.96023849
2298,57.07372957
2299,55.02770292
2300,59.07649972
2301,55.80870436
2302,59.19515365
2303,59.74576309
2304,62.13403289
2305,50.32345475
2306,62.79949032
2307,63.66583546
2308,60.37847675
2309,60.98499158
2310,61.94212358
2311,60.08347859
2312,57.77607717
2313,57.49699475
2314,60.46176699
2315,62.73087234
2316,57.67620773
2317,58.49893028
2318,56.54581662
2319,61.54660177
2320,58.82710285
2321,55.53160278
2322,56.9906631
2323,59.73213283
2324,58.78852933
2325,55.88879406
2326,61.3059045
2327,56.18702528
2328,59.34120276
2329,57.42938102
2330,56.24821309
2331,56.22302094
2332,55.07075008
2333,60.84769725
2334,60.10812208
2335,57.43358882
2336,62.05470895
2337,59.4457407
2338,58.56597278
2339,57.03726972
2340,61.88271681
2341,61.80439542
2342,62.94604349
2343,58.6784366
2344,61.21031542
2345,58.17427927
2346,62.95331368
2347,61.25904056
2348,61.64535356
2349,54.44582382
2350,56.59318194
2351,58.80426441
2352,56.0637209
2353,48.84481456
2354,53.3599959
2355,57.58471831
2356,51.3191006
2357,59.18215578
2358,61.7072861
2359,54.45313936
2360,62.8339156
2361,61.11410093
2362,63.25571829
2363,61.86326126
2364,62.82572614
2365,63.56709062
2366,64.81736195
2367,64.87656734
2368,60.38580782
2369,62.14642594
2370,65.33246848
2371,61.35409261
2372,58.55308017
2373,60.51392235
2374,62.45284877
2375,59.47238658
2376,62.45981573
2377,59.60413226
2378,59.35621533
2379,59.61596958
2380,59.59950608
2381,58.60784164
2382,57.14948315
2383,60.91470742
2384,58.91656637
2385,62.16350388
2386,61.38127109
2387,65.91151574
2388,57.82157183
2389,60.57797777
2390,58.92521516
2391,58.83525982
2392,61.11954923
2393,61.98142039
2394,62.09838065
2395,61.58824696
2396,56.52569585
2397,58.3939156
2398,60.24309221
2399,63.57942157
2400,54.12540673
2401,60.30921918
2402,62.43248505
2403,57.00514377
2404,66.21512671
2405,63.11982314
2406,59.87920212
2407,61.64899974
2408,63.6190168
2409,61.52716442
2410,60.85043029
2411,63.91186084
2412,66.22492433
2413,58.39595388
2414,59.35858821
2415,56.43305939
2416,59.90256512
2417,62.07252468
2418,55.91590867
2419,60.00465098
2420,57.94525336
2421,54.80358434
2422,61.31739223
2423,60.38008835
2424,56.07064273
2425,57.42022539
2426,57.25400537
2427,53.71546929
2428,62.23197134
2429,57.34920103
2430,58.48181732
2431,60.79836392
2432,56.05801176
2433,58.36986029
2434,59.48452276
2435,63.4653291
2436,54.82635808
2437,60.77879735
2438,60.34756919
2439,59.39879735
2440,67.58165846
2441,59.96044735
2442,60.98125689
2443,59.88411799
2444,63.75942157
2445,51.95288046
2446,53.83000957
2447,43.2155842
